Link Text,URL
,#
Home,#
About Us,#about
Internships,#internships
Contact Us,/contact us/contact-us.html
Apply Now,https://forms.gle/XWcmhxc6G4psvCni6
Apply Now,https://forms.gle/XWcmhxc6G4psvCni6
Apply Now,https://forms.gle/XWcmhxc6G4psvCni6
Apply Now,https://forms.gle/XWcmhxc6G4psvCni6
Apply Now,https://forms.gle/XWcmhxc6G4psvCni6
Apply Now,https://forms.gle/etSYgMzTe6we2unY6
Apply Now,https://forms.gle/XWcmhxc6G4psvCni6
Apply Now,https://forms.gle/XWcmhxc6G4psvCni6
FAQ,#faq-section
Privacy Policy,privacy/privacy.html
Terms and Conditions,terms&conditions/termsandcondition.html
Refund and Cancellation,refund and cancellation policy/refund.html
Contact Us,contact us/contact-us.html
Verify,verification/verify.html
,https://www.linkedin.com/company/shadowfox1/
,https://www.instagram.com/_shadowfox__?igsh=c3d0aHJrMGJ0eHYz
,https://www.instagram.com/_shadowfox__?igsh=c3d0aHJrMGJ0eHYz
,https://twitter.com/__SHADOWFOX_
info@shadowfox.in,mailto:info@shadowfox.in
+918095776765,tel:+918095776765
